treatment,dose_uM,replID,plateID,cell_line,timeID,timeAfterExposure,locationID,IntegratedIntensity_GM,MeanIntensity_GM,Cell_count
CDDP,1,1,p53,HepG2 P53-GFP,1,0,B09_1,1.3360408483263195,0.21727672633647438,1222
CDDP,1,1,p53,HepG2 P53-GFP,1,0,B09_2,1.3791937205240015,0.22374410776452983,1108
CDDP,1,1,p53,HepG2 P53-GFP,2,2,B09_1,1.3872906153507558,0.2270616981444984,1192
CDDP,1,1,p53,HepG2 P53-GFP,2,2,B09_2,1.4269383320703435,0.23308712007889948,1093
CDDP,1,1,p53,HepG2 P53-GFP,3,4,B09_1,1.4122119500886752,0.23218663934893932,1235
CDDP,1,1,p53,HepG2 P53-GFP,3,4,B09_2,1.4401805665937923,0.238068049836144,1118
CDDP,1,1,p53,HepG2 P53-GFP,4,6,B09_1,1.3716780548052243,0.22598999728737335,1244
CDDP,1,1,p53,HepG2 P53-GFP,4,6,B09_2,1.3880503148519336,0.23229902356266113,1129
CDDP,1,1,p53,HepG2 P53-GFP,5,8,B09_1,1.3869865727000126,0.23036654885933186,1231
CDDP,1,1,p53,HepG2 P53-GFP,5,8,B09_2,1.4135801004717805,0.23673043671951394,1120
CDDP,1,1,p53,HepG2 P53-GFP,6,10,B09_1,1.396944811943535,0.23141357742270596,1221
CDDP,1,1,p53,HepG2 P53-GFP,6,10,B09_2,1.4152923979394914,0.23878802846689823,1122
CDDP,1,1,p53,HepG2 P53-GFP,7,12,B09_1,1.3720628472552527,0.2297660847934416,1223
CDDP,1,1,p53,HepG2 P53-GFP,7,12,B09_2,1.4090323319646085,0.2375737891704313,1128
CDDP,1,1,p53,HepG2 P53-GFP,8,14,B09_1,1.3890209279734618,0.2324799120755884,1183
CDDP,1,1,p53,HepG2 P53-GFP,8,14,B09_2,1.4335417644866288,0.24001625536578922,1123
CDDP,1,1,p53,HepG2 P53-GFP,9,16,B09_1,1.3980669585267336,0.23425212020794886,1226
CDDP,1,1,p53,HepG2 P53-GFP,9,16,B09_2,1.4454695933217807,0.24177062756592416,1130
CDDP,1,1,p53,HepG2 P53-GFP,10,18,B09_1,1.3934716917698964,0.23356805071022096,1241
CDDP,1,1,p53,HepG2 P53-GFP,10,18,B09_2,1.445249283942704,0.2414720427379267,1112
CDDP,1,1,p53,HepG2 P53-GFP,11,20,B09_1,1.400830971511765,0.23451296265831503,1233
CDDP,1,1,p53,HepG2 P53-GFP,11,20,B09_2,1.4539866056903243,0.2435176590893937,1127
CDDP,1,1,p53,HepG2 P53-GFP,12,22,B09_1,1.3939918447196444,0.2341750175025767,1263
CDDP,1,1,p53,HepG2 P53-GFP,12,22,B09_2,1.4382704145809162,0.24203096358245274,1126
CDDP,1,2,p53,HepG2 P53-GFP,1,0,D09_1,1.3799913899295466,0.22346697162549423,1108
CDDP,1,2,p53,HepG2 P53-GFP,1,0,D09_2,1.3502235495766615,0.21956341483439074,1115
CDDP,1,2,p53,HepG2 P53-GFP,2,2,D09_1,1.4309357983105422,0.23524905368602111,1133
CDDP,1,2,p53,HepG2 P53-GFP,2,2,D09_2,1.4261492708717418,0.23295730271349918,1147
CDDP,1,2,p53,HepG2 P53-GFP,3,4,D09_1,1.4568228304575013,0.24046182889912388,1163
CDDP,1,2,p53,HepG2 P53-GFP,3,4,D09_2,1.4225294560097408,0.23500831524902815,1178
CDDP,1,2,p53,HepG2 P53-GFP,4,6,D09_1,1.4384536688026723,0.23632000500883382,1139
CDDP,1,2,p53,HepG2 P53-GFP,4,6,D09_2,1.4120386563201763,0.23474561612761977,1184
CDDP,1,2,p53,HepG2 P53-GFP,5,8,D09_1,1.4626748163965455,0.24221536596061652,1124
CDDP,1,2,p53,HepG2 P53-GFP,5,8,D09_2,1.431306284051006,0.23777572278256817,1179
CDDP,1,2,p53,HepG2 P53-GFP,6,10,D09_1,1.4655844196538776,0.24185556740224562,1121
CDDP,1,2,p53,HepG2 P53-GFP,6,10,D09_2,1.411026627771866,0.23633729485594393,1178
CDDP,1,2,p53,HepG2 P53-GFP,7,12,D09_1,1.4455605991296456,0.24321996258595768,1170
CDDP,1,2,p53,HepG2 P53-GFP,7,12,D09_2,1.4209104216495378,0.23698826610560697,1178
CDDP,1,2,p53,HepG2 P53-GFP,8,14,D09_1,1.451234560937292,0.2423838154410928,1141
CDDP,1,2,p53,HepG2 P53-GFP,8,14,D09_2,1.435390730168642,0.2379152933724426,1194
CDDP,1,2,p53,HepG2 P53-GFP,9,16,D09_1,1.4369881684105863,0.24287850081269696,1201
CDDP,1,2,p53,HepG2 P53-GFP,9,16,D09_2,1.4508809069413338,0.24094855176776925,1174
CDDP,1,2,p53,HepG2 P53-GFP,10,18,D09_1,1.4222975446743773,0.2422446275888362,1202
CDDP,1,2,p53,HepG2 P53-GFP,10,18,D09_2,1.432782207201019,0.2418063373649755,1220
CDDP,1,2,p53,HepG2 P53-GFP,11,20,D09_1,1.4380221732582434,0.24465335168080082,1230
CDDP,1,2,p53,HepG2 P53-GFP,11,20,D09_2,1.4503001632407408,0.24474287466934116,1198
CDDP,1,2,p53,HepG2 P53-GFP,12,22,D09_1,1.42153572951878,0.2437708640383784,1239
CDDP,1,2,p53,HepG2 P53-GFP,12,22,D09_2,1.4394244820219892,0.24489717328504945,1243
CDDP,1,3,p53,HepG2 P53-GFP,1,0,F09_1,1.3908194022546683,0.22450595920907174,901
CDDP,1,3,p53,HepG2 P53-GFP,1,0,F09_2,1.3683410918397294,0.2182937456765367,959
CDDP,1,3,p53,HepG2 P53-GFP,2,2,F09_1,1.4625678119689465,0.2378588346229725,890
CDDP,1,3,p53,HepG2 P53-GFP,2,2,F09_2,1.4540297763044712,0.23532287012668718,967
CDDP,1,3,p53,HepG2 P53-GFP,3,4,F09_1,1.485302189220157,0.24148199441506654,893
CDDP,1,3,p53,HepG2 P53-GFP,3,4,F09_2,1.4801236067869765,0.2400676205366166,982
CDDP,1,3,p53,HepG2 P53-GFP,4,6,F09_1,1.4690977221430273,0.23809021003743056,893
CDDP,1,3,p53,HepG2 P53-GFP,4,6,F09_2,1.4238180256552717,0.23427796709016954,1023
CDDP,1,3,p53,HepG2 P53-GFP,5,8,F09_1,1.4561669142103009,0.24129466111204825,937
CDDP,1,3,p53,HepG2 P53-GFP,5,8,F09_2,1.4606853020885024,0.2397238448299623,1011
CDDP,1,3,p53,HepG2 P53-GFP,6,10,F09_1,1.4467452698141023,0.24221474809647933,919
CDDP,1,3,p53,HepG2 P53-GFP,6,10,F09_2,1.4678204493694211,0.24364240897123035,1022
CDDP,1,3,p53,HepG2 P53-GFP,7,12,F09_1,1.4758757739859856,0.24335370020563332,898
CDDP,1,3,p53,HepG2 P53-GFP,7,12,F09_2,1.4505241185401412,0.24134119361558393,1011
CDDP,1,3,p53,HepG2 P53-GFP,8,14,F09_1,1.4499352820940419,0.2426787338523673,919
CDDP,1,3,p53,HepG2 P53-GFP,8,14,F09_2,1.427847938070417,0.2381625080388281,1021
CDDP,1,3,p53,HepG2 P53-GFP,9,16,F09_1,1.5015352112779332,0.24734890639803025,884
CDDP,1,3,p53,HepG2 P53-GFP,9,16,F09_2,1.4749443890165825,0.2468106175747061,1065
CDDP,1,3,p53,HepG2 P53-GFP,10,18,F09_1,1.506169723680662,0.24666384981271647,896
CDDP,1,3,p53,HepG2 P53-GFP,10,18,F09_2,1.4517276395457406,0.24395912530035951,1054
CDDP,1,3,p53,HepG2 P53-GFP,11,20,F09_1,1.4782426214902444,0.24469003427439368,927
CDDP,1,3,p53,HepG2 P53-GFP,11,20,F09_2,1.4296486644812463,0.23889768855463409,1083
CDDP,1,3,p53,HepG2 P53-GFP,12,22,F09_1,1.4672947708358766,0.24436020849514103,971
CDDP,1,3,p53,HepG2 P53-GFP,12,22,F09_2,1.4495054458190029,0.24633309876296774,1111
CDDP,2.5,1,p53,HepG2 P53-GFP,1,0,B08_1,1.4016997681200793,0.22592822828147358,1009
CDDP,2.5,1,p53,HepG2 P53-GFP,1,0,B08_2,1.3569264605693756,0.22449137429743815,1356
CDDP,2.5,1,p53,HepG2 P53-GFP,2,2,B08_1,1.4343700903399368,0.23287885094630137,1045
CDDP,2.5,1,p53,HepG2 P53-GFP,2,2,B08_2,1.430341014969653,0.23482841808151309,1351
CDDP,2.5,1,p53,HepG2 P53-GFP,3,4,B08_1,1.4677546548076308,0.23972940279897295,1064
CDDP,2.5,1,p53,HepG2 P53-GFP,3,4,B08_2,1.4603630218686097,0.24085123108563897,1367
CDDP,2.5,1,p53,HepG2 P53-GFP,4,6,B08_1,1.4377044135267885,0.24000327479787448,1104
CDDP,2.5,1,p53,HepG2 P53-GFP,4,6,B08_2,1.4486504202397354,0.24100510783078583,1364
CDDP,2.5,1,p53,HepG2 P53-GFP,5,8,B08_1,1.4595972122223617,0.24200511313020506,1061
CDDP,2.5,1,p53,HepG2 P53-GFP,5,8,B08_2,1.4704164260015369,0.2447898332122914,1378
CDDP,2.5,1,p53,HepG2 P53-GFP,6,10,B08_1,1.4522673868139038,0.24290168612135118,1071
CDDP,2.5,1,p53,HepG2 P53-GFP,6,10,B08_2,1.4713658904314806,0.24498410356639824,1361
CDDP,2.5,1,p53,HepG2 P53-GFP,7,12,B08_1,1.4501930411289212,0.24324391808044657,1057
CDDP,2.5,1,p53,HepG2 P53-GFP,7,12,B08_2,1.4618562612456294,0.2454139329760495,1385
CDDP,2.5,1,p53,HepG2 P53-GFP,8,14,B08_1,1.460227293099016,0.245422404929302,1048
CDDP,2.5,1,p53,HepG2 P53-GFP,8,14,B08_2,1.4558551956724772,0.24697868942227236,1398
CDDP,2.5,1,p53,HepG2 P53-GFP,9,16,B08_1,1.4599565490163755,0.24731255640008962,1073
CDDP,2.5,1,p53,HepG2 P53-GFP,9,16,B08_2,1.4776295691528143,0.2505253343577028,1406
CDDP,2.5,1,p53,HepG2 P53-GFP,10,18,B08_1,1.4493631245309377,0.2464523587572118,1054
CDDP,2.5,1,p53,HepG2 P53-GFP,10,18,B08_2,1.4834011011920505,0.2492437821014918,1375
CDDP,2.5,1,p53,HepG2 P53-GFP,11,20,B08_1,1.4388771877567748,0.2463932321886729,1081
CDDP,2.5,1,p53,HepG2 P53-GFP,11,20,B08_2,1.4962478425923607,0.25097207920549075,1383
CDDP,2.5,1,p53,HepG2 P53-GFP,12,22,B08_1,1.4330523391805656,0.2460076881245855,1087
CDDP,2.5,1,p53,HepG2 P53-GFP,12,22,B08_2,1.5040103006120962,0.2514702518358074,1398
CDDP,2.5,2,p53,HepG2 P53-GFP,1,0,D08_1,1.4148004404250591,0.2278566971919076,1094
CDDP,2.5,2,p53,HepG2 P53-GFP,1,0,D08_2,1.4340539417230576,0.23063557893128048,1174
CDDP,2.5,2,p53,HepG2 P53-GFP,2,2,D08_1,1.501679822464412,0.24311275183007905,1127
CDDP,2.5,2,p53,HepG2 P53-GFP,2,2,D08_2,1.5230070486495932,0.24677635987160307,1188
CDDP,2.5,2,p53,HepG2 P53-GFP,3,4,D08_1,1.5242597482552676,0.24909305701487924,1152
CDDP,2.5,2,p53,HepG2 P53-GFP,3,4,D08_2,1.5529038675122147,0.2548691539908293,1232
CDDP,2.5,2,p53,HepG2 P53-GFP,4,6,D08_1,1.5289060679994049,0.2501727170095954,1182
CDDP,2.5,2,p53,HepG2 P53-GFP,4,6,D08_2,1.5277348647262154,0.2519173159365135,1240
CDDP,2.5,2,p53,HepG2 P53-GFP,5,8,D08_1,1.5254043216901279,0.25178957297775845,1204
CDDP,2.5,2,p53,HepG2 P53-GFP,5,8,D08_2,1.548493256775743,0.254972899954003,1235
CDDP,2.5,2,p53,HepG2 P53-GFP,6,10,D08_1,1.5077840318657538,0.25103004509920346,1210
CDDP,2.5,2,p53,HepG2 P53-GFP,6,10,D08_2,1.5316311490821266,0.2555165012375298,1260
CDDP,2.5,2,p53,HepG2 P53-GFP,7,12,D08_1,1.5094658807790706,0.25099298217641963,1230
CDDP,2.5,2,p53,HepG2 P53-GFP,7,12,D08_2,1.5177408833380146,0.25425830424041257,1298
CDDP,2.5,2,p53,HepG2 P53-GFP,8,14,D08_1,1.5026525391747971,0.2506090187361739,1225
CDDP,2.5,2,p53,HepG2 P53-GFP,8,14,D08_2,1.5186775209562575,0.25516087572951335,1331
CDDP,2.5,2,p53,HepG2 P53-GFP,9,16,D08_1,1.478258471090476,0.2516050561492271,1297
CDDP,2.5,2,p53,HepG2 P53-GFP,9,16,D08_2,1.528713325194526,0.25700674633884163,1308
CDDP,2.5,2,p53,HepG2 P53-GFP,10,18,D08_1,1.4689687095868418,0.251876419927421,1301
CDDP,2.5,2,p53,HepG2 P53-GFP,10,18,D08_2,1.523234761542559,0.25611528968394687,1322
CDDP,2.5,2,p53,HepG2 P53-GFP,11,20,D08_1,1.4619552092978672,0.2527766270176544,1337
CDDP,2.5,2,p53,HepG2 P53-GFP,11,20,D08_2,1.5124208618795363,0.25614808036061193,1349
CDDP,2.5,2,p53,HepG2 P53-GFP,12,22,D08_1,1.4623716230925252,0.25179642210826697,1328
CDDP,2.5,2,p53,HepG2 P53-GFP,12,22,D08_2,1.5010927238499019,0.2541085471111372,1379
CDDP,2.5,3,p53,HepG2 P53-GFP,1,0,F08_1,1.385645962229885,0.22438826901024667,881
CDDP,2.5,3,p53,HepG2 P53-GFP,1,0,F08_2,1.4016486572852234,0.22564158526744477,1011
CDDP,2.5,3,p53,HepG2 P53-GFP,2,2,F08_1,1.4714159501179689,0.23840031845049053,880
CDDP,2.5,3,p53,HepG2 P53-GFP,2,2,F08_2,1.4843214476032334,0.24278793449099384,1046
CDDP,2.5,3,p53,HepG2 P53-GFP,3,4,F08_1,1.4894743529542844,0.24407661759337965,886
CDDP,2.5,3,p53,HepG2 P53-GFP,3,4,F08_2,1.5316225952771267,0.24826319949680437,1041
CDDP,2.5,3,p53,HepG2 P53-GFP,4,6,F08_1,1.4696294965654868,0.24323472010795016,898
CDDP,2.5,3,p53,HepG2 P53-GFP,4,6,F08_2,1.505126318792267,0.2449412152735327,1060
CDDP,2.5,3,p53,HepG2 P53-GFP,5,8,F08_1,1.4681846338073583,0.24329354497512384,903
CDDP,2.5,3,p53,HepG2 P53-GFP,5,8,F08_2,1.5244771150256007,0.2472131921534036,1029
CDDP,2.5,3,p53,HepG2 P53-GFP,6,10,F08_1,1.450198548713662,0.24092977956209716,891
CDDP,2.5,3,p53,HepG2 P53-GFP,6,10,F08_2,1.4847365975041982,0.2469059955326434,1100
CDDP,2.5,3,p53,HepG2 P53-GFP,7,12,F08_1,1.4632854282016063,0.24343416908530074,904
CDDP,2.5,3,p53,HepG2 P53-GFP,7,12,F08_2,1.5100622318356776,0.2491839262688957,1083
CDDP,2.5,3,p53,HepG2 P53-GFP,8,14,F08_1,1.4544759909660865,0.24532656875745243,915
CDDP,2.5,3,p53,HepG2 P53-GFP,8,14,F08_2,1.5001563734267156,0.2458687874334074,1096
CDDP,2.5,3,p53,HepG2 P53-GFP,9,16,F08_1,1.4881494868944385,0.2496631174580244,921
CDDP,2.5,3,p53,HepG2 P53-GFP,9,16,F08_2,1.4964683740614466,0.24871890968834848,1120
CDDP,2.5,3,p53,HepG2 P53-GFP,10,18,F08_1,1.4593334696325435,0.24729326271020094,933
CDDP,2.5,3,p53,HepG2 P53-GFP,10,18,F08_2,1.5048201094111773,0.24905350065714144,1126
CDDP,2.5,3,p53,HepG2 P53-GFP,11,20,F08_1,1.4317419894614432,0.2423712745848319,963
CDDP,2.5,3,p53,HepG2 P53-GFP,11,20,F08_2,1.479016949006248,0.2468110845038286,1145
CDDP,2.5,3,p53,HepG2 P53-GFP,12,22,F08_1,1.4514365611883795,0.24362275334250338,943
CDDP,2.5,3,p53,HepG2 P53-GFP,12,22,F08_2,1.4862221481078997,0.2486399821994497,1166
CDDP,5,1,p53,HepG2 P53-GFP,1,0,B07_1,1.3428312542718863,0.21747018658620285,1049
CDDP,5,1,p53,HepG2 P53-GFP,1,0,B07_2,1.3585764934187725,0.2214098561198616,1150
CDDP,5,1,p53,HepG2 P53-GFP,2,2,B07_1,1.3795027679107594,0.22591661078046119,1039
CDDP,5,1,p53,HepG2 P53-GFP,2,2,B07_2,1.42972098055978,0.2311902208918526,1122
CDDP,5,1,p53,HepG2 P53-GFP,3,4,B07_1,1.391415534163977,0.22760667205387033,1086
CDDP,5,1,p53,HepG2 P53-GFP,3,4,B07_2,1.4178443126544418,0.23344931131573257,1178
CDDP,5,1,p53,HepG2 P53-GFP,4,6,B07_1,1.3637882113537723,0.22437400583883807,1084
CDDP,5,1,p53,HepG2 P53-GFP,4,6,B07_2,1.412368709067067,0.2353791620020376,1201
CDDP,5,1,p53,HepG2 P53-GFP,5,8,B07_1,1.3768743638612837,0.22816285872413777,1115
CDDP,5,1,p53,HepG2 P53-GFP,5,8,B07_2,1.4351423076995569,0.2387940526291994,1177
CDDP,5,1,p53,HepG2 P53-GFP,6,10,B07_1,1.374130175187544,0.2281770314055985,1125
CDDP,5,1,p53,HepG2 P53-GFP,6,10,B07_2,1.4083424546999634,0.23499313488017268,1230
CDDP,5,1,p53,HepG2 P53-GFP,7,12,B07_1,1.3646704235599043,0.22700286724664812,1112
CDDP,5,1,p53,HepG2 P53-GFP,7,12,B07_2,1.4064762439780198,0.2364727715260068,1248
CDDP,5,1,p53,HepG2 P53-GFP,8,14,B07_1,1.364401215520344,0.23032327149374446,1120
CDDP,5,1,p53,HepG2 P53-GFP,8,14,B07_2,1.4201662469185203,0.23756576768742943,1215
CDDP,5,1,p53,HepG2 P53-GFP,9,16,B07_1,1.3851157408130577,0.23166743670684414,1143
CDDP,5,1,p53,HepG2 P53-GFP,9,16,B07_2,1.4123039299846352,0.2381704936937192,1265
CDDP,5,1,p53,HepG2 P53-GFP,10,18,B07_1,1.380540512433074,0.23126014168219902,1170
CDDP,5,1,p53,HepG2 P53-GFP,10,18,B07_2,1.4056970288464805,0.23923368902359715,1281
CDDP,5,1,p53,HepG2 P53-GFP,11,20,B07_1,1.3957859673301718,0.23442438781045294,1124
CDDP,5,1,p53,HepG2 P53-GFP,11,20,B07_2,1.4308513687709907,0.24117184464140792,1282
CDDP,5,1,p53,HepG2 P53-GFP,12,22,B07_1,1.383700759781744,0.23398598209169164,1153
CDDP,5,1,p53,HepG2 P53-GFP,12,22,B07_2,1.4136359275879145,0.24109095458284777,1307
CDDP,5,2,p53,HepG2 P53-GFP,1,0,D07_1,1.4032374921912263,0.2272884181484921,1132
CDDP,5,2,p53,HepG2 P53-GFP,1,0,D07_2,1.3589583913863115,0.22295694234676317,1247
CDDP,5,2,p53,HepG2 P53-GFP,2,2,D07_1,1.4945064934516377,0.24274222912431917,1165
CDDP,5,2,p53,HepG2 P53-GFP,2,2,D07_2,1.4860076760766983,0.24372683370392959,1283
CDDP,5,2,p53,HepG2 P53-GFP,3,4,D07_1,1.5306157615129585,0.24953074242547213,1180
CDDP,5,2,p53,HepG2 P53-GFP,3,4,D07_2,1.526661321765504,0.2512590466316926,1306
CDDP,5,2,p53,HepG2 P53-GFP,4,6,D07_1,1.5125031218721294,0.24740840427308627,1214
CDDP,5,2,p53,HepG2 P53-GFP,4,6,D07_2,1.4846142781693443,0.24446745530237318,1302
CDDP,5,2,p53,HepG2 P53-GFP,5,8,D07_1,1.4626926269794278,0.24083876778662572,1215
CDDP,5,2,p53,HepG2 P53-GFP,5,8,D07_2,1.4820375661700234,0.24491918686701014,1316
CDDP,5,2,p53,HepG2 P53-GFP,6,10,D07_1,1.4530457665373273,0.23988448907424334,1241
CDDP,5,2,p53,HepG2 P53-GFP,6,10,D07_2,1.5055856119218325,0.24961960389372195,1351
CDDP,5,2,p53,HepG2 P53-GFP,7,12,D07_1,1.460150478700245,0.2436579298914981,1263
CDDP,5,2,p53,HepG2 P53-GFP,7,12,D07_2,1.4579221456922304,0.24197836731959216,1328
CDDP,5,2,p53,HepG2 P53-GFP,8,14,D07_1,1.4772844689866338,0.24577645233180484,1254
CDDP,5,2,p53,HepG2 P53-GFP,8,14,D07_2,1.474668247976298,0.24334363195586542,1338
CDDP,5,2,p53,HepG2 P53-GFP,9,16,D07_1,1.4357890541431066,0.24059451784723937,1278
CDDP,5,2,p53,HepG2 P53-GFP,9,16,D07_2,1.485864749657477,0.24756905985061953,1361
CDDP,5,2,p53,HepG2 P53-GFP,10,18,D07_1,1.4708963884617097,0.24419499335881872,1292
CDDP,5,2,p53,HepG2 P53-GFP,10,18,D07_2,1.4670320829852566,0.2476648865501183,1416
CDDP,5,2,p53,HepG2 P53-GFP,11,20,D07_1,1.4564310551399942,0.24345905582143432,1291
CDDP,5,2,p53,HepG2 P53-GFP,11,20,D07_2,1.465661022543014,0.24824224911566473,1427
CDDP,5,2,p53,HepG2 P53-GFP,12,22,D07_1,1.4502673340350873,0.24472329267918128,1313
CDDP,5,2,p53,HepG2 P53-GFP,12,22,D07_2,1.4507480555509837,0.24723818981940812,1449
CDDP,5,3,p53,HepG2 P53-GFP,1,0,F07_1,1.4172761530206972,0.22861112989128568,916
CDDP,5,3,p53,HepG2 P53-GFP,1,0,F07_2,1.406615965313513,0.2246668267679485,1172
CDDP,5,3,p53,HepG2 P53-GFP,2,2,F07_1,1.5046385045820794,0.24493530395391425,944
CDDP,5,3,p53,HepG2 P53-GFP,2,2,F07_2,1.5234226922864642,0.24536027922611583,1190
CDDP,5,3,p53,HepG2 P53-GFP,3,4,F07_1,1.546386491157985,0.252174513608374,979
CDDP,5,3,p53,HepG2 P53-GFP,3,4,F07_2,1.5581117281579833,0.25163862472419285,1222
CDDP,5,3,p53,HepG2 P53-GFP,4,6,F07_1,1.5209809708946695,0.2473025931846588,970
CDDP,5,3,p53,HepG2 P53-GFP,4,6,F07_2,1.5160897537988627,0.24533925109636837,1245
CDDP,5,3,p53,HepG2 P53-GFP,5,8,F07_1,1.5240244653709634,0.2500146895751787,969
CDDP,5,3,p53,HepG2 P53-GFP,5,8,F07_2,1.5175658689355322,0.24861859319227633,1275
CDDP,5,3,p53,HepG2 P53-GFP,6,10,F07_1,1.4973597160404997,0.24904416894839165,1017
CDDP,5,3,p53,HepG2 P53-GFP,6,10,F07_2,1.4779292013835228,0.24585393762372507,1307
CDDP,5,3,p53,HepG2 P53-GFP,7,12,F07_1,1.489319038724061,0.2485510765158274,997
CDDP,5,3,p53,HepG2 P53-GFP,7,12,F07_2,1.484272771468529,0.2452376199412625,1306
CDDP,5,3,p53,HepG2 P53-GFP,8,14,F07_1,1.462488423588972,0.2431416399956918,999
CDDP,5,3,p53,HepG2 P53-GFP,8,14,F07_2,1.4578902586388052,0.24533618594050152,1361
CDDP,5,3,p53,HepG2 P53-GFP,9,16,F07_1,1.4985093586310967,0.24942861023093307,1032
CDDP,5,3,p53,HepG2 P53-GFP,9,16,F07_2,1.4740444465408449,0.2468631420994944,1368
CDDP,5,3,p53,HepG2 P53-GFP,10,18,F07_1,1.4466159682094133,0.2429205649311398,1064
CDDP,5,3,p53,HepG2 P53-GFP,10,18,F07_2,1.4969987227335761,0.251234582367787,1369
CDDP,5,3,p53,HepG2 P53-GFP,11,20,F07_1,1.4638699342408175,0.24556781109589554,1060
CDDP,5,3,p53,HepG2 P53-GFP,11,20,F07_2,1.4931096587264303,0.2488109992895694,1379
CDDP,5,3,p53,HepG2 P53-GFP,12,22,F07_1,1.4589505521664203,0.24788091531474332,1083
CDDP,5,3,p53,HepG2 P53-GFP,12,22,F07_2,1.469567956597567,0.24841890983214343,1418
CDDP,10,1,p53,HepG2 P53-GFP,1,0,B06_1,1.4062151601883288,0.22580958807480592,870
CDDP,10,1,p53,HepG2 P53-GFP,1,0,B06_2,1.3943885329193884,0.22518363769233155,1055
CDDP,10,1,p53,HepG2 P53-GFP,2,2,B06_1,1.4408774675032896,0.23486036461719137,946
CDDP,10,1,p53,HepG2 P53-GFP,2,2,B06_2,1.4713211486961961,0.2364354570594618,1074
CDDP,10,1,p53,HepG2 P53-GFP,3,4,B06_1,1.468522441093535,0.2407739047878381,988
CDDP,10,1,p53,HepG2 P53-GFP,3,4,B06_2,1.5086855348981636,0.24536318843026944,1109
CDDP,10,1,p53,HepG2 P53-GFP,4,6,B06_1,1.4705263938443958,0.24296042634930343,988
CDDP,10,1,p53,HepG2 P53-GFP,4,6,B06_2,1.5011560800510415,0.24535061660610932,1128
CDDP,10,1,p53,HepG2 P53-GFP,5,8,B06_1,1.4826243335788738,0.24548169247860085,985
CDDP,10,1,p53,HepG2 P53-GFP,5,8,B06_2,1.5240022733986178,0.24885523002230336,1129
CDDP,10,1,p53,HepG2 P53-GFP,6,10,B06_1,1.4817789806155997,0.243907932408513,987
CDDP,10,1,p53,HepG2 P53-GFP,6,10,B06_2,1.4727727296922086,0.24447939071139,1162
CDDP,10,1,p53,HepG2 P53-GFP,7,12,B06_1,1.477616312704347,0.24294810901111363,996
CDDP,10,1,p53,HepG2 P53-GFP,7,12,B06_2,1.474140253936923,0.24464395846371298,1182
CDDP,10,1,p53,HepG2 P53-GFP,8,14,B06_1,1.4739825441013177,0.2441079611856563,1032
CDDP,10,1,p53,HepG2 P53-GFP,8,14,B06_2,1.466796123826629,0.24420883193114076,1191
CDDP,10,1,p53,HepG2 P53-GFP,9,16,B06_1,1.4616461355271166,0.24449965560735024,1082
CDDP,10,1,p53,HepG2 P53-GFP,9,16,B06_2,1.4646372692031615,0.2459269317996138,1217
CDDP,10,1,p53,HepG2 P53-GFP,10,18,B06_1,1.4571644794976102,0.24301682295653562,1089
CDDP,10,1,p53,HepG2 P53-GFP,10,18,B06_2,1.4479255161978233,0.24598168456553174,1284
CDDP,10,1,p53,HepG2 P53-GFP,11,20,B06_1,1.4558252148686202,0.24401320043170055,1115
CDDP,10,1,p53,HepG2 P53-GFP,11,20,B06_2,1.4623917687163641,0.2456612932712512,1265
CDDP,10,1,p53,HepG2 P53-GFP,12,22,B06_1,1.4430417569799032,0.2435737238446134,1162
CDDP,10,1,p53,HepG2 P53-GFP,12,22,B06_2,1.4606141033714448,0.24642790528069036,1279
CDDP,10,2,p53,HepG2 P53-GFP,1,0,D06_1,1.4499048243044814,0.22957776322765833,1090
CDDP,10,2,p53,HepG2 P53-GFP,1,0,D06_2,1.4026787752066256,0.22616960609580342,1132
CDDP,10,2,p53,HepG2 P53-GFP,2,2,D06_1,1.512230838479116,0.24481069902371977,1180
CDDP,10,2,p53,HepG2 P53-GFP,2,2,D06_2,1.4949275130705013,0.2410219385665748,1164
CDDP,10,2,p53,HepG2 P53-GFP,3,4,D06_1,1.5414231368116984,0.24840516558810605,1176
CDDP,10,2,p53,HepG2 P53-GFP,3,4,D06_2,1.5435067043073163,0.2512736033609072,1199
CDDP,10,2,p53,HepG2 P53-GFP,4,6,D06_1,1.5516570264472302,0.2508181226399986,1179
CDDP,10,2,p53,HepG2 P53-GFP,4,6,D06_2,1.5241016801896403,0.2495380494695733,1239
CDDP,10,2,p53,HepG2 P53-GFP,5,8,D06_1,1.5541448306865773,0.2521704014307157,1201
CDDP,10,2,p53,HepG2 P53-GFP,5,8,D06_2,1.54183920675064,0.2528192059284033,1247
CDDP,10,2,p53,HepG2 P53-GFP,6,10,D06_1,1.5430202796925232,0.24989039587165907,1202
CDDP,10,2,p53,HepG2 P53-GFP,6,10,D06_2,1.5257980458239107,0.2503136551866856,1247
CDDP,10,2,p53,HepG2 P53-GFP,7,12,D06_1,1.5485708639684828,0.24946106849517152,1213
CDDP,10,2,p53,HepG2 P53-GFP,7,12,D06_2,1.5314957577187291,0.2516052507558943,1265
CDDP,10,2,p53,HepG2 P53-GFP,8,14,D06_1,1.566213105928855,0.2541827811848559,1235
CDDP,10,2,p53,HepG2 P53-GFP,8,14,D06_2,1.5227283515395584,0.25254704620239304,1308
CDDP,10,2,p53,HepG2 P53-GFP,9,16,D06_1,1.5120127578210005,0.2493530262560285,1306
CDDP,10,2,p53,HepG2 P53-GFP,9,16,D06_2,1.5101931500001031,0.2526258265976957,1342
CDDP,10,2,p53,HepG2 P53-GFP,10,18,D06_1,1.513685114476361,0.25121395367093985,1347
CDDP,10,2,p53,HepG2 P53-GFP,10,18,D06_2,1.4974394660114998,0.25210629035826043,1380
CDDP,10,2,p53,HepG2 P53-GFP,11,20,D06_1,1.5410117680301183,0.25541813473389546,1341
CDDP,10,2,p53,HepG2 P53-GFP,11,20,D06_2,1.5127997258478623,0.2529318107920539,1360
CDDP,10,2,p53,HepG2 P53-GFP,12,22,D06_1,1.4824688176130254,0.24644389816301665,1369
CDDP,10,2,p53,HepG2 P53-GFP,12,22,D06_2,1.4882312522747927,0.2504799364620175,1414
CDDP,10,3,p53,HepG2 P53-GFP,1,0,F06_1,1.4647827288314006,0.23449846417436424,919
CDDP,10,3,p53,HepG2 P53-GFP,1,0,F06_2,1.4270973390975845,0.2301501463689745,969
CDDP,10,3,p53,HepG2 P53-GFP,2,2,F06_1,1.5602079219358427,0.24957438489096864,942
CDDP,10,3,p53,HepG2 P53-GFP,2,2,F06_2,1.5380075099607309,0.24928793418953116,1023
CDDP,10,3,p53,HepG2 P53-GFP,3,4,F06_1,1.5788512795248555,0.25724806736540096,991
CDDP,10,3,p53,HepG2 P53-GFP,3,4,F06_2,1.6029457920796493,0.25533589891654074,1006
CDDP,10,3,p53,HepG2 P53-GFP,4,6,F06_1,1.5759358029713324,0.2537712740283109,990
CDDP,10,3,p53,HepG2 P53-GFP,4,6,F06_2,1.5583010310221486,0.25339287920028297,1065
CDDP,10,3,p53,HepG2 P53-GFP,5,8,F06_1,1.5933378156920852,0.2575653467628896,1007
CDDP,10,3,p53,HepG2 P53-GFP,5,8,F06_2,1.5785594860526853,0.2555192844002233,1061
CDDP,10,3,p53,HepG2 P53-GFP,6,10,F06_1,1.572539188891824,0.2565477071298927,1031
CDDP,10,3,p53,HepG2 P53-GFP,6,10,F06_2,1.5795395138688852,0.2537882714485436,1067
CDDP,10,3,p53,HepG2 P53-GFP,7,12,F06_1,1.5604648998674293,0.25578073150946795,1028
CDDP,10,3,p53,HepG2 P53-GFP,7,12,F06_2,1.5471266265429249,0.2547160652816379,1114
CDDP,10,3,p53,HepG2 P53-GFP,8,14,F06_1,1.5670051950575041,0.2582423755383064,1039
CDDP,10,3,p53,HepG2 P53-GFP,8,14,F06_2,1.5343118718793562,0.25382263541988,1121
CDDP,10,3,p53,HepG2 P53-GFP,9,16,F06_1,1.568589396994983,0.25718485063207247,1074
CDDP,10,3,p53,HepG2 P53-GFP,9,16,F06_2,1.5315601418172942,0.2531396998003667,1135
CDDP,10,3,p53,HepG2 P53-GFP,10,18,F06_1,1.5656994220099834,0.25680354317138593,1082
CDDP,10,3,p53,HepG2 P53-GFP,10,18,F06_2,1.5291447198439838,0.25301221145594127,1157
CDDP,10,3,p53,HepG2 P53-GFP,11,20,F06_1,1.5471552482882875,0.2563045596986043,1110
CDDP,10,3,p53,HepG2 P53-GFP,11,20,F06_2,1.5221180890881596,0.2528542932421077,1203
CDDP,10,3,p53,HepG2 P53-GFP,12,22,F06_1,1.522132496095221,0.2525904526418359,1126
CDDP,10,3,p53,HepG2 P53-GFP,12,22,F06_2,1.5001245039363376,0.25258387018166206,1243
CDDP,15,1,p53,HepG2 P53-GFP,1,0,B05_1,1.3768175294223264,0.22435967410706073,1257
CDDP,15,1,p53,HepG2 P53-GFP,1,0,B05_2,1.3847135114422577,0.22513865566234334,1242
CDDP,15,1,p53,HepG2 P53-GFP,2,2,B05_1,1.484081117403868,0.23891317333526904,1232
CDDP,15,1,p53,HepG2 P53-GFP,2,2,B05_2,1.445407757071385,0.23794452294733096,1245
CDDP,15,1,p53,HepG2 P53-GFP,3,4,B05_1,1.502031679510232,0.2461316429888476,1306
CDDP,15,1,p53,HepG2 P53-GFP,3,4,B05_2,1.490660365596603,0.24658163567164115,1302
CDDP,15,1,p53,HepG2 P53-GFP,4,6,B05_1,1.5014062825042058,0.24713968206637846,1320
CDDP,15,1,p53,HepG2 P53-GFP,4,6,B05_2,1.5272360308403516,0.2518301196889514,1313
CDDP,15,1,p53,HepG2 P53-GFP,5,8,B05_1,1.5393487106922468,0.2532817759847731,1290
CDDP,15,1,p53,HepG2 P53-GFP,5,8,B05_2,1.5460772274529897,0.25567900763074075,1292
CDDP,15,1,p53,HepG2 P53-GFP,6,10,B05_1,1.4973768138706618,0.2481301394959214,1365
CDDP,15,1,p53,HepG2 P53-GFP,6,10,B05_2,1.5142576017180245,0.2508932588173531,1329
CDDP,15,1,p53,HepG2 P53-GFP,7,12,B05_1,1.5011214598738079,0.24881190063443437,1365
CDDP,15,1,p53,HepG2 P53-GFP,7,12,B05_2,1.5028091494523617,0.24981719905849345,1353
CDDP,15,1,p53,HepG2 P53-GFP,8,14,B05_1,1.4921197714697536,0.24857375333018114,1422
CDDP,15,1,p53,HepG2 P53-GFP,8,14,B05_2,1.4861908744168184,0.24996831442122802,1406
CDDP,15,1,p53,HepG2 P53-GFP,9,16,B05_1,1.5013825446361644,0.24868009221668255,1406
CDDP,15,1,p53,HepG2 P53-GFP,9,16,B05_2,1.4787995069064805,0.2520372937579199,1433
CDDP,15,1,p53,HepG2 P53-GFP,10,18,B05_1,1.4839686903194524,0.2491136222219058,1432
CDDP,15,1,p53,HepG2 P53-GFP,10,18,B05_2,1.4683167592274522,0.24959954627045916,1438
CDDP,15,1,p53,HepG2 P53-GFP,11,20,B05_1,1.4741640903357978,0.24901940284073246,1490
CDDP,15,1,p53,HepG2 P53-GFP,11,20,B05_2,1.4831684156091638,0.24912488187938442,1452
CDDP,15,1,p53,HepG2 P53-GFP,12,22,B05_1,1.4700205359971132,0.24633431521372795,1510
CDDP,15,1,p53,HepG2 P53-GFP,12,22,B05_2,1.4596538834666113,0.24708767421885794,1491
CDDP,15,2,p53,HepG2 P53-GFP,1,0,D05_1,1.4062895994138553,0.22707428179771913,1178
CDDP,15,2,p53,HepG2 P53-GFP,1,0,D05_2,1.4207212531730873,0.22666925607147817,1191
CDDP,15,2,p53,HepG2 P53-GFP,2,2,D05_1,1.4661870225093914,0.23743419973252763,1219
CDDP,15,2,p53,HepG2 P53-GFP,2,2,D05_2,1.5175186099692994,0.24325960845470926,1201
CDDP,15,2,p53,HepG2 P53-GFP,3,4,D05_1,1.5377467020379807,0.2510161810341787,1254
CDDP,15,2,p53,HepG2 P53-GFP,3,4,D05_2,1.582790508668628,0.25503325579059427,1250
CDDP,15,2,p53,HepG2 P53-GFP,4,6,D05_1,1.5942131133960538,0.2622396076649004,1280
CDDP,15,2,p53,HepG2 P53-GFP,4,6,D05_2,1.6226929338189533,0.2622758468383855,1265
CDDP,15,2,p53,HepG2 P53-GFP,5,8,D05_1,1.652834159426393,0.26756894639876005,1288
CDDP,15,2,p53,HepG2 P53-GFP,5,8,D05_2,1.626934140621191,0.26463697950197773,1272
CDDP,15,2,p53,HepG2 P53-GFP,6,10,D05_1,1.630655066572575,0.263519696587393,1305
CDDP,15,2,p53,HepG2 P53-GFP,6,10,D05_2,1.6386257114516223,0.26343579069599193,1261
CDDP,15,2,p53,HepG2 P53-GFP,7,12,D05_1,1.593575019465611,0.261202776667422,1373
CDDP,15,2,p53,HepG2 P53-GFP,7,12,D05_2,1.6086237010823996,0.26036484499612256,1311
CDDP,15,2,p53,HepG2 P53-GFP,8,14,D05_1,1.5809288934947847,0.25981171530414776,1376
CDDP,15,2,p53,HepG2 P53-GFP,8,14,D05_2,1.6130161425774558,0.26061164924104324,1321
CDDP,15,2,p53,HepG2 P53-GFP,9,16,D05_1,1.5936106936504244,0.26032108681284166,1404
CDDP,15,2,p53,HepG2 P53-GFP,9,16,D05_2,1.61703114352419,0.2614843121143549,1331
CDDP,15,2,p53,HepG2 P53-GFP,10,18,D05_1,1.5362936813086423,0.2573180036327018,1472
CDDP,15,2,p53,HepG2 P53-GFP,10,18,D05_2,1.571168310706257,0.2587413211272124,1402
CDDP,15,2,p53,HepG2 P53-GFP,11,20,D05_1,1.5280298724879753,0.2557778362611439,1492
CDDP,15,2,p53,HepG2 P53-GFP,11,20,D05_2,1.5656116567040688,0.2570673087258834,1395
CDDP,15,2,p53,HepG2 P53-GFP,12,22,D05_1,1.5064532798397836,0.2532129188908473,1560
CDDP,15,2,p53,HepG2 P53-GFP,12,22,D05_2,1.534446037043315,0.25407152660062315,1460
CDDP,15,3,p53,HepG2 P53-GFP,1,0,F05_1,1.504194622851084,0.23899049062949054,1005
CDDP,15,3,p53,HepG2 P53-GFP,1,0,F05_2,1.4509175766739322,0.233087177025105,1029
CDDP,15,3,p53,HepG2 P53-GFP,2,2,F05_1,1.5987421442513403,0.25645333048917224,1061
CDDP,15,3,p53,HepG2 P53-GFP,2,2,F05_2,1.6003071946341765,0.25575878409146596,1076
CDDP,15,3,p53,HepG2 P53-GFP,3,4,F05_1,1.6449935514283456,0.2657396732263824,1099
CDDP,15,3,p53,HepG2 P53-GFP,3,4,F05_2,1.6563880249120708,0.2655220894675824,1106
CDDP,15,3,p53,HepG2 P53-GFP,4,6,F05_1,1.6333455023375982,0.2670733332239615,1112
CDDP,15,3,p53,HepG2 P53-GFP,4,6,F05_2,1.6563614661391235,0.2670098706926137,1109
CDDP,15,3,p53,HepG2 P53-GFP,5,8,F05_1,1.6619044928834388,0.26903497316255504,1103
CDDP,15,3,p53,HepG2 P53-GFP,5,8,F05_2,1.6673892107823942,0.26832593061329335,1107
CDDP,15,3,p53,HepG2 P53-GFP,6,10,F05_1,1.6452243061253982,0.2671100533189941,1146
CDDP,15,3,p53,HepG2 P53-GFP,6,10,F05_2,1.6593250334667065,0.268090081130116,1138
CDDP,15,3,p53,HepG2 P53-GFP,7,12,F05_1,1.6488589026691884,0.2672328347453187,1137
CDDP,15,3,p53,HepG2 P53-GFP,7,12,F05_2,1.661972451451782,0.26898885876948175,1162
CDDP,15,3,p53,HepG2 P53-GFP,8,14,F05_1,1.6227649127987462,0.2660300824385316,1170
CDDP,15,3,p53,HepG2 P53-GFP,8,14,F05_2,1.6553218458649097,0.27002380617862237,1175
CDDP,15,3,p53,HepG2 P53-GFP,9,16,F05_1,1.672303729771079,0.2687730564818414,1150
CDDP,15,3,p53,HepG2 P53-GFP,9,16,F05_2,1.6692554868603309,0.26970605743209425,1195
CDDP,15,3,p53,HepG2 P53-GFP,10,18,F05_1,1.618174928146274,0.26559381121384434,1217
CDDP,15,3,p53,HepG2 P53-GFP,10,18,F05_2,1.6478582490906413,0.26665630014023645,1207
CDDP,15,3,p53,HepG2 P53-GFP,11,20,F05_1,1.614928621808402,0.2669496918804491,1247
CDDP,15,3,p53,HepG2 P53-GFP,11,20,F05_2,1.6110318367379413,0.26637696806389816,1277
CDDP,15,3,p53,HepG2 P53-GFP,12,22,F05_1,1.6219609158241584,0.2639614436958671,1257
CDDP,15,3,p53,HepG2 P53-GFP,12,22,F05_2,1.614337286127716,0.26377567582228234,1277
CDDP,20,1,p53,HepG2 P53-GFP,1,0,B04_1,1.3859245865248198,0.22651186362786976,1381
CDDP,20,1,p53,HepG2 P53-GFP,1,0,B04_2,1.3225239787483962,0.21883248132979546,1352
CDDP,20,1,p53,HepG2 P53-GFP,2,2,B04_1,1.4865022460551478,0.24371193410334901,1410
CDDP,20,1,p53,HepG2 P53-GFP,2,2,B04_2,1.4452101845943848,0.23907578395373935,1377
CDDP,20,1,p53,HepG2 P53-GFP,3,4,B04_1,1.5762098216160376,0.25476185529058865,1412
CDDP,20,1,p53,HepG2 P53-GFP,3,4,B04_2,1.498785525703152,0.24769372266163503,1393
CDDP,20,1,p53,HepG2 P53-GFP,4,6,B04_1,1.5678461853898589,0.257998447360947,1474
CDDP,20,1,p53,HepG2 P53-GFP,4,6,B04_2,1.5353257019292912,0.2528735860734754,1413
CDDP,20,1,p53,HepG2 P53-GFP,5,8,B04_1,1.587490832211801,0.26048818187286404,1478
CDDP,20,1,p53,HepG2 P53-GFP,5,8,B04_2,1.5461628464788386,0.2563944099096872,1445
CDDP,20,1,p53,HepG2 P53-GFP,6,10,B04_1,1.5585769686635016,0.25750533266183895,1508
CDDP,20,1,p53,HepG2 P53-GFP,6,10,B04_2,1.5329827327625167,0.2530008860290281,1442
CDDP,20,1,p53,HepG2 P53-GFP,7,12,B04_1,1.5366877014420148,0.2545585545872349,1536
CDDP,20,1,p53,HepG2 P53-GFP,7,12,B04_2,1.5308367440432706,0.25155567373169596,1447
CDDP,20,1,p53,HepG2 P53-GFP,8,14,B04_1,1.5510960828367903,0.2562593501137005,1529
CDDP,20,1,p53,HepG2 P53-GFP,8,14,B04_2,1.5048270131707477,0.2492145667028006,1517
CDDP,20,1,p53,HepG2 P53-GFP,9,16,B04_1,1.5557078082739508,0.2566262213523474,1520
CDDP,20,1,p53,HepG2 P53-GFP,9,16,B04_2,1.4993730918944206,0.2499204025291327,1544
CDDP,20,1,p53,HepG2 P53-GFP,10,18,B04_1,1.5197533123332676,0.2540041330307311,1604
CDDP,20,1,p53,HepG2 P53-GFP,10,18,B04_2,1.4926937609082498,0.24843996339789573,1541
CDDP,20,1,p53,HepG2 P53-GFP,11,20,B04_1,1.516808977823598,0.2527392813470599,1622
CDDP,20,1,p53,HepG2 P53-GFP,11,20,B04_2,1.4647419881046284,0.2457328556897888,1586
CDDP,20,1,p53,HepG2 P53-GFP,12,22,B04_1,1.502545521839963,0.2498213255530131,1641
CDDP,20,1,p53,HepG2 P53-GFP,12,22,B04_2,1.4414723976254238,0.2435646233475214,1626
CDDP,20,2,p53,HepG2 P53-GFP,1,0,D04_1,1.4159767328239576,0.22988696084180274,1195
CDDP,20,2,p53,HepG2 P53-GFP,1,0,D04_2,1.4141578740427336,0.2287558115082011,1145
CDDP,20,2,p53,HepG2 P53-GFP,2,2,D04_1,1.4983662582971018,0.24168972481553783,1220
CDDP,20,2,p53,HepG2 P53-GFP,2,2,D04_2,1.5069947779322683,0.2434978164861949,1163
CDDP,20,2,p53,HepG2 P53-GFP,3,4,D04_1,1.5598036001796485,0.25244057040159057,1238
CDDP,20,2,p53,HepG2 P53-GFP,3,4,D04_2,1.5693604739850586,0.25371795226150823,1185
CDDP,20,2,p53,HepG2 P53-GFP,4,6,D04_1,1.645945141817808,0.2621558855549066,1260
CDDP,20,2,p53,HepG2 P53-GFP,4,6,D04_2,1.6132451072481526,0.26189350047958637,1208
CDDP,20,2,p53,HepG2 P53-GFP,5,8,D04_1,1.6771989618809144,0.27050001281127445,1254
CDDP,20,2,p53,HepG2 P53-GFP,5,8,D04_2,1.6649315018092699,0.269257173176506,1224
CDDP,20,2,p53,HepG2 P53-GFP,6,10,D04_1,1.6647506754304706,0.2691472080991624,1292
CDDP,20,2,p53,HepG2 P53-GFP,6,10,D04_2,1.634816224792286,0.2659759199792949,1257
CDDP,20,2,p53,HepG2 P53-GFP,7,12,D04_1,1.6603967243945994,0.267558411531983,1336
CDDP,20,2,p53,HepG2 P53-GFP,7,12,D04_2,1.620102431582156,0.26322001893028235,1282
CDDP,20,2,p53,HepG2 P53-GFP,8,14,D04_1,1.6692789696559667,0.2673166231079683,1346
CDDP,20,2,p53,HepG2 P53-GFP,8,14,D04_2,1.596376045551303,0.2598538655169822,1285
CDDP,20,2,p53,HepG2 P53-GFP,9,16,D04_1,1.6481329221292558,0.2657879632140962,1362
CDDP,20,2,p53,HepG2 P53-GFP,9,16,D04_2,1.5917128806955605,0.26048708436053497,1347
CDDP,20,2,p53,HepG2 P53-GFP,10,18,D04_1,1.6138183943862627,0.2627890363621401,1398
CDDP,20,2,p53,HepG2 P53-GFP,10,18,D04_2,1.568933120340574,0.25730718114638784,1370
CDDP,20,2,p53,HepG2 P53-GFP,11,20,D04_1,1.6136002195792623,0.2619870257631347,1453
CDDP,20,2,p53,HepG2 P53-GFP,11,20,D04_2,1.5609889109431896,0.25722054752757006,1398
CDDP,20,2,p53,HepG2 P53-GFP,12,22,D04_1,1.5563016524956643,0.25498368742771205,1488
CDDP,20,2,p53,HepG2 P53-GFP,12,22,D04_2,1.5316348488767966,0.25325012044479706,1424
CDDP,20,3,p53,HepG2 P53-GFP,1,0,F04_1,1.4546153171999483,0.23379289026270886,1170
CDDP,20,3,p53,HepG2 P53-GFP,1,0,F04_2,1.4327931121760242,0.23537904067457385,1144
CDDP,20,3,p53,HepG2 P53-GFP,2,2,F04_1,1.5757012135037132,0.25215163788626854,1204
CDDP,20,3,p53,HepG2 P53-GFP,2,2,F04_2,1.5481259976711843,0.2530696682007395,1202
CDDP,20,3,p53,HepG2 P53-GFP,3,4,F04_1,1.6294879136475093,0.2593615844724882,1220
CDDP,20,3,p53,HepG2 P53-GFP,3,4,F04_2,1.6194042324073468,0.26337664804802985,1236
CDDP,20,3,p53,HepG2 P53-GFP,4,6,F04_1,1.647105195550087,0.2643046925601516,1254
CDDP,20,3,p53,HepG2 P53-GFP,4,6,F04_2,1.649433188748241,0.2697194666327799,1239
CDDP,20,3,p53,HepG2 P53-GFP,5,8,F04_1,1.6858739909293896,0.2701849823942146,1253
CDDP,20,3,p53,HepG2 P53-GFP,5,8,F04_2,1.6972099560508012,0.27490266437826577,1270
CDDP,20,3,p53,HepG2 P53-GFP,6,10,F04_1,1.6888129915336514,0.26859478323750713,1240
CDDP,20,3,p53,HepG2 P53-GFP,6,10,F04_2,1.6868654393918554,0.2737209253534006,1277
CDDP,20,3,p53,HepG2 P53-GFP,7,12,F04_1,1.6739948290076447,0.26948842776036747,1254
CDDP,20,3,p53,HepG2 P53-GFP,7,12,F04_2,1.6728927589596547,0.2709732499949759,1300
CDDP,20,3,p53,HepG2 P53-GFP,8,14,F04_1,1.7002665772388108,0.26983229798803376,1278
CDDP,20,3,p53,HepG2 P53-GFP,8,14,F04_2,1.654946225420991,0.27087400701908454,1322
CDDP,20,3,p53,HepG2 P53-GFP,9,16,F04_1,1.687782538293543,0.26991943397337614,1334
CDDP,20,3,p53,HepG2 P53-GFP,9,16,F04_2,1.6460964876659105,0.2693616261092,1361
CDDP,20,3,p53,HepG2 P53-GFP,10,18,F04_1,1.6579863560243748,0.26646466064407476,1357
CDDP,20,3,p53,HepG2 P53-GFP,10,18,F04_2,1.6066085326157709,0.2643121342952688,1395
CDDP,20,3,p53,HepG2 P53-GFP,11,20,F04_1,1.6469857518912856,0.2662636132209382,1409
CDDP,20,3,p53,HepG2 P53-GFP,11,20,F04_2,1.5889443018925284,0.2637012161438466,1438
CDDP,20,3,p53,HepG2 P53-GFP,12,22,F04_1,1.6154347173903632,0.2619744035190732,1434
CDDP,20,3,p53,HepG2 P53-GFP,12,22,F04_2,1.5489981318915071,0.2583919856955538,1494
CDDP,25,1,p53,HepG2 P53-GFP,1,0,B03_1,1.3944610885653328,0.2261983590757438,1409
CDDP,25,1,p53,HepG2 P53-GFP,1,0,B03_2,1.3864069320703776,0.2283559187709775,1464
CDDP,25,1,p53,HepG2 P53-GFP,2,2,B03_1,1.4969485800246183,0.2429315710283277,1416
CDDP,25,1,p53,HepG2 P53-GFP,2,2,B03_2,1.5194414073265923,0.24614243380275724,1484
CDDP,25,1,p53,HepG2 P53-GFP,3,4,B03_1,1.557398883304915,0.25026871796868055,1423
CDDP,25,1,p53,HepG2 P53-GFP,3,4,B03_2,1.556728349721886,0.25358713826703566,1557
CDDP,25,1,p53,HepG2 P53-GFP,4,6,B03_1,1.6404972867288494,0.2635964373812784,1424
CDDP,25,1,p53,HepG2 P53-GFP,4,6,B03_2,1.6606109988953373,0.26981415612892695,1578
CDDP,25,1,p53,HepG2 P53-GFP,5,8,B03_1,1.6863566943448078,0.2725410625334828,1456
CDDP,25,1,p53,HepG2 P53-GFP,5,8,B03_2,1.7385288033046684,0.27920688403182825,1551
CDDP,25,1,p53,HepG2 P53-GFP,6,10,B03_1,1.6777400837738576,0.2705250752516753,1437
CDDP,25,1,p53,HepG2 P53-GFP,6,10,B03_2,1.7015576042250988,0.2736082812451681,1577
CDDP,25,1,p53,HepG2 P53-GFP,7,12,B03_1,1.6484236799106426,0.26690243167555394,1467
CDDP,25,1,p53,HepG2 P53-GFP,7,12,B03_2,1.6773980191673241,0.26821630835190396,1567
CDDP,25,1,p53,HepG2 P53-GFP,8,14,B03_1,1.6200814906631926,0.26261943178242253,1487
CDDP,25,1,p53,HepG2 P53-GFP,8,14,B03_2,1.6482427197024183,0.2645151149236274,1582
CDDP,25,1,p53,HepG2 P53-GFP,9,16,B03_1,1.6146658920391372,0.2613888595238025,1494
CDDP,25,1,p53,HepG2 P53-GFP,9,16,B03_2,1.6285054870035087,0.26395913226107093,1630
CDDP,25,1,p53,HepG2 P53-GFP,10,18,B03_1,1.5828875723888833,0.2581265705213323,1532
CDDP,25,1,p53,HepG2 P53-GFP,10,18,B03_2,1.6176258296465786,0.2612286514171926,1635
CDDP,25,1,p53,HepG2 P53-GFP,11,20,B03_1,1.5658007663386773,0.25663622029735855,1576
CDDP,25,1,p53,HepG2 P53-GFP,11,20,B03_2,1.5783355017619884,0.2586711469852861,1685
CDDP,25,1,p53,HepG2 P53-GFP,12,22,B03_1,1.5285098634169043,0.25096723136778654,1610
CDDP,25,1,p53,HepG2 P53-GFP,12,22,B03_2,1.5593053705679485,0.25559309439820455,1715
CDDP,25,2,p53,HepG2 P53-GFP,1,0,D03_1,1.4681314260594753,0.23318235503262205,1106
CDDP,25,2,p53,HepG2 P53-GFP,1,0,D03_2,1.4465044847222766,0.23280037450380353,1139
CDDP,25,2,p53,HepG2 P53-GFP,2,2,D03_1,1.556767317011402,0.24844678012431923,1154
CDDP,25,2,p53,HepG2 P53-GFP,2,2,D03_2,1.5333637149455552,0.24605914037914087,1175
CDDP,25,2,p53,HepG2 P53-GFP,3,4,D03_1,1.581488141061031,0.2526835556880758,1202
CDDP,25,2,p53,HepG2 P53-GFP,3,4,D03_2,1.5895533807408233,0.25190428845549107,1178
CDDP,25,2,p53,HepG2 P53-GFP,4,6,D03_1,1.6618853189782183,0.26316025335999416,1198
CDDP,25,2,p53,HepG2 P53-GFP,4,6,D03_2,1.6430541603533297,0.25851031938292224,1198
CDDP,25,2,p53,HepG2 P53-GFP,5,8,D03_1,1.7199220627319431,0.2719471472105474,1202
CDDP,25,2,p53,HepG2 P53-GFP,5,8,D03_2,1.6930415485271586,0.2694765157887804,1229
CDDP,25,2,p53,HepG2 P53-GFP,6,10,D03_1,1.721138868350776,0.2734178809856891,1229
CDDP,25,2,p53,HepG2 P53-GFP,6,10,D03_2,1.6881599486943333,0.2672966514934404,1244
CDDP,25,2,p53,HepG2 P53-GFP,7,12,D03_1,1.7119317826150482,0.2722584566037852,1250
CDDP,25,2,p53,HepG2 P53-GFP,7,12,D03_2,1.657832605922996,0.2636108576193547,1291
CDDP,25,2,p53,HepG2 P53-GFP,8,14,D03_1,1.699592849352527,0.270390202522338,1295
CDDP,25,2,p53,HepG2 P53-GFP,8,14,D03_2,1.6283483047326435,0.2611096563118241,1319
CDDP,25,2,p53,HepG2 P53-GFP,9,16,D03_1,1.6936865073424663,0.2681360857465656,1311
CDDP,25,2,p53,HepG2 P53-GFP,9,16,D03_2,1.600331707150339,0.2583752798683603,1362
CDDP,25,2,p53,HepG2 P53-GFP,10,18,D03_1,1.6523134861736894,0.26544013292266067,1357
CDDP,25,2,p53,HepG2 P53-GFP,10,18,D03_2,1.5857656166837977,0.25553935713993914,1382
CDDP,25,2,p53,HepG2 P53-GFP,11,20,D03_1,1.6300713031383949,0.2640150718449937,1428
CDDP,25,2,p53,HepG2 P53-GFP,11,20,D03_2,1.5696402584020728,0.25522483630362763,1415
CDDP,25,2,p53,HepG2 P53-GFP,12,22,D03_1,1.6058990972688651,0.25916089308325074,1457
CDDP,25,2,p53,HepG2 P53-GFP,12,22,D03_2,1.5336695298987524,0.2505859045880243,1444
CDDP,25,3,p53,HepG2 P53-GFP,1,0,F03_1,1.464363604339118,0.23282032985177953,923
CDDP,25,3,p53,HepG2 P53-GFP,1,0,F03_2,1.4249294924782914,0.2302263242469821,1030
CDDP,25,3,p53,HepG2 P53-GFP,2,2,F03_1,1.537606093537211,0.24391340911329745,953
CDDP,25,3,p53,HepG2 P53-GFP,2,2,F03_2,1.551007758041291,0.24753702096191216,1060
CDDP,25,3,p53,HepG2 P53-GFP,3,4,F03_1,1.5617437385700796,0.24969645002761948,996
CDDP,25,3,p53,HepG2 P53-GFP,3,4,F03_2,1.5733244063698086,0.25258742959724656,1094
CDDP,25,3,p53,HepG2 P53-GFP,4,6,F03_1,1.6311711962479019,0.2593261943647842,1010
CDDP,25,3,p53,HepG2 P53-GFP,4,6,F03_2,1.6469944752228889,0.26152591922568,1100
CDDP,25,3,p53,HepG2 P53-GFP,5,8,F03_1,1.6804713843241994,0.26713145284416673,1033
CDDP,25,3,p53,HepG2 P53-GFP,5,8,F03_2,1.6971359559230013,0.2699957807588817,1123
CDDP,25,3,p53,HepG2 P53-GFP,6,10,F03_1,1.6844651643898565,0.26993072097738613,1048
CDDP,25,3,p53,HepG2 P53-GFP,6,10,F03_2,1.6701606538937348,0.2651362561409386,1170
CDDP,25,3,p53,HepG2 P53-GFP,7,12,F03_1,1.6512552767987538,0.26586932332849883,1126
CDDP,25,3,p53,HepG2 P53-GFP,7,12,F03_2,1.6641981248644684,0.26403730092752337,1176
CDDP,25,3,p53,HepG2 P53-GFP,8,14,F03_1,1.6775381594467116,0.2660541360047598,1100
CDDP,25,3,p53,HepG2 P53-GFP,8,14,F03_2,1.6454715825455926,0.26138371865628796,1190
CDDP,25,3,p53,HepG2 P53-GFP,9,16,F03_1,1.6925038774917243,0.26776556009657304,1116
CDDP,25,3,p53,HepG2 P53-GFP,9,16,F03_2,1.6315784168809735,0.2601409288787289,1237
CDDP,25,3,p53,HepG2 P53-GFP,10,18,F03_1,1.644567259148216,0.2644952631530227,1189
CDDP,25,3,p53,HepG2 P53-GFP,10,18,F03_2,1.6158155006496124,0.2580834839688744,1273
CDDP,25,3,p53,HepG2 P53-GFP,11,20,F03_1,1.6376404115305416,0.26203119738733727,1204
CDDP,25,3,p53,HepG2 P53-GFP,11,20,F03_2,1.5695087006841337,0.2557358092681618,1357
CDDP,25,3,p53,HepG2 P53-GFP,12,22,F03_1,1.5864413720245096,0.25755904597916557,1238
CDDP,25,3,p53,HepG2 P53-GFP,12,22,F03_2,1.5612605025209707,0.2532914367017299,1365
CDDP,50,1,p53,HepG2 P53-GFP,1,0,B02_1,1.45626345253577,0.23486500359689483,1387
CDDP,50,1,p53,HepG2 P53-GFP,1,0,B02_2,1.4265827855454671,0.23121944618423948,1367
CDDP,50,1,p53,HepG2 P53-GFP,2,2,B02_1,1.5678975050807773,0.25094457486446703,1388
CDDP,50,1,p53,HepG2 P53-GFP,2,2,B02_2,1.5328555655771068,0.2465050168538694,1335
CDDP,50,1,p53,HepG2 P53-GFP,3,4,B02_1,1.6077026982386555,0.2564722191594192,1397
CDDP,50,1,p53,HepG2 P53-GFP,3,4,B02_2,1.5853007784212625,0.2539278860265063,1360
CDDP,50,1,p53,HepG2 P53-GFP,4,6,B02_1,1.6526729764584167,0.264846696658534,1451
CDDP,50,1,p53,HepG2 P53-GFP,4,6,B02_2,1.665193708589455,0.26760354701639977,1388
CDDP,50,1,p53,HepG2 P53-GFP,5,8,B02_1,1.7451623543726966,0.27352019122692883,1402
CDDP,50,1,p53,HepG2 P53-GFP,5,8,B02_2,1.7328278799791073,0.2783784029267051,1422
CDDP,50,1,p53,HepG2 P53-GFP,6,10,B02_1,1.7112075596872192,0.27217787497337614,1460
CDDP,50,1,p53,HepG2 P53-GFP,6,10,B02_2,1.727539469369141,0.27676433796487127,1442
CDDP,50,1,p53,HepG2 P53-GFP,7,12,B02_1,1.686230623372856,0.2693842207605749,1465
CDDP,50,1,p53,HepG2 P53-GFP,7,12,B02_2,1.7075148938788292,0.27294447085075535,1447
CDDP,50,1,p53,HepG2 P53-GFP,8,14,B02_1,1.6819685956602672,0.2683882435051397,1476
CDDP,50,1,p53,HepG2 P53-GFP,8,14,B02_2,1.6878759777126005,0.26988762035779124,1467
CDDP,50,1,p53,HepG2 P53-GFP,9,16,B02_1,1.6727366923063143,0.2665103989738384,1499
CDDP,50,1,p53,HepG2 P53-GFP,9,16,B02_2,1.6603139699248564,0.26871987923147517,1531
CDDP,50,1,p53,HepG2 P53-GFP,10,18,B02_1,1.65845990433998,0.26332488268950205,1509
CDDP,50,1,p53,HepG2 P53-GFP,10,18,B02_2,1.644075881928815,0.2653078672610698,1549
CDDP,50,1,p53,HepG2 P53-GFP,11,20,B02_1,1.627803097344992,0.26182427335558617,1564
CDDP,50,1,p53,HepG2 P53-GFP,11,20,B02_2,1.6310549248753283,0.2638830384764329,1552
CDDP,50,1,p53,HepG2 P53-GFP,12,22,B02_1,1.5951538628144335,0.25891382207920527,1592
CDDP,50,1,p53,HepG2 P53-GFP,12,22,B02_2,1.6027529004977459,0.25973353363556084,1597
CDDP,50,2,p53,HepG2 P53-GFP,1,0,D02_1,1.4775395328583645,0.23812308587151237,1280
CDDP,50,2,p53,HepG2 P53-GFP,1,0,D02_2,1.4756773543797688,0.2349848019450198,1087
CDDP,50,2,p53,HepG2 P53-GFP,2,2,D02_1,1.6077423979369179,0.25692919412671616,1289
CDDP,50,2,p53,HepG2 P53-GFP,2,2,D02_2,1.5655473025882332,0.24942616050446326,1110
CDDP,50,2,p53,HepG2 P53-GFP,3,4,D02_1,1.6316098847978378,0.2594957004079464,1305
CDDP,50,2,p53,HepG2 P53-GFP,3,4,D02_2,1.6410002781340407,0.25609286741853443,1084
CDDP,50,2,p53,HepG2 P53-GFP,4,6,D02_1,1.67348531807449,0.2645496103660192,1325
CDDP,50,2,p53,HepG2 P53-GFP,4,6,D02_2,1.6970880543999323,0.2623131739020007,1076
CDDP,50,2,p53,HepG2 P53-GFP,5,8,D02_1,1.7103629391723447,0.2701368408761835,1350
CDDP,50,2,p53,HepG2 P53-GFP,5,8,D02_2,1.7225753905533727,0.2682314138963156,1121
CDDP,50,2,p53,HepG2 P53-GFP,6,10,D02_1,1.6566838575148326,0.26277644962624175,1358
CDDP,50,2,p53,HepG2 P53-GFP,6,10,D02_2,1.6981196365648947,0.2671733552868364,1146
CDDP,50,2,p53,HepG2 P53-GFP,7,12,D02_1,1.6846827272557445,0.2648721204424958,1384
CDDP,50,2,p53,HepG2 P53-GFP,7,12,D02_2,1.7433336763033997,0.27086303207184853,1126
CDDP,50,2,p53,HepG2 P53-GFP,8,14,D02_1,1.6574127482291772,0.2617442653253611,1409
CDDP,50,2,p53,HepG2 P53-GFP,8,14,D02_2,1.7183576293898335,0.26772214332446953,1181
CDDP,50,2,p53,HepG2 P53-GFP,9,16,D02_1,1.6494324354631003,0.2626162959822489,1432
CDDP,50,2,p53,HepG2 P53-GFP,9,16,D02_2,1.7011104482992323,0.2686748093292203,1205
CDDP,50,2,p53,HepG2 P53-GFP,10,18,D02_1,1.6513605173677093,0.26390227128557753,1479
CDDP,50,2,p53,HepG2 P53-GFP,10,18,D02_2,1.6847244045304501,0.26636736999305405,1233
CDDP,50,2,p53,HepG2 P53-GFP,11,20,D02_1,1.6213145921407364,0.2613927161513336,1495
CDDP,50,2,p53,HepG2 P53-GFP,11,20,D02_2,1.6665751677619711,0.26456363186572635,1284
CDDP,50,2,p53,HepG2 P53-GFP,12,22,D02_1,1.5981201074947702,0.2589658411115088,1527
CDDP,50,2,p53,HepG2 P53-GFP,12,22,D02_2,1.6521730858235444,0.260781153046511,1302
CDDP,50,3,p53,HepG2 P53-GFP,1,0,F02_1,1.480893340772393,0.23524257930307438,963
CDDP,50,3,p53,HepG2 P53-GFP,1,0,F02_2,1.4502500390041002,0.2354824958310101,979
CDDP,50,3,p53,HepG2 P53-GFP,2,2,F02_1,1.5474400213228647,0.24950598071578006,1025
CDDP,50,3,p53,HepG2 P53-GFP,2,2,F02_2,1.5688572724192107,0.2544723483528766,1028
CDDP,50,3,p53,HepG2 P53-GFP,3,4,F02_1,1.6222819883137933,0.2573331742058504,1047
CDDP,50,3,p53,HepG2 P53-GFP,3,4,F02_2,1.6160557379351816,0.2603362975538503,1039
CDDP,50,3,p53,HepG2 P53-GFP,4,6,F02_1,1.6265978624249,0.25954089164711797,1063
CDDP,50,3,p53,HepG2 P53-GFP,4,6,F02_2,1.659562998865852,0.26307182214995983,1046
CDDP,50,3,p53,HepG2 P53-GFP,5,8,F02_1,1.6910573822567572,0.26584043899886145,1057
CDDP,50,3,p53,HepG2 P53-GFP,5,8,F02_2,1.673721090174485,0.26731655074045496,1075
CDDP,50,3,p53,HepG2 P53-GFP,6,10,F02_1,1.6721012405644138,0.26628741357425084,1114
CDDP,50,3,p53,HepG2 P53-GFP,6,10,F02_2,1.6683469089220204,0.2662433027514122,1097
CDDP,50,3,p53,HepG2 P53-GFP,7,12,F02_1,1.6740878261393226,0.26711865599284434,1106
CDDP,50,3,p53,HepG2 P53-GFP,7,12,F02_2,1.6760837072237116,0.2675321947886177,1117
CDDP,50,3,p53,HepG2 P53-GFP,8,14,F02_1,1.673987053101079,0.2691010530542546,1128
CDDP,50,3,p53,HepG2 P53-GFP,8,14,F02_2,1.6562590346839738,0.26428503253878255,1135
CDDP,50,3,p53,HepG2 P53-GFP,9,16,F02_1,1.6944685195395586,0.2702958639575728,1147
CDDP,50,3,p53,HepG2 P53-GFP,9,16,F02_2,1.6546926619371833,0.2652336110377637,1175
CDDP,50,3,p53,HepG2 P53-GFP,10,18,F02_1,1.6815963316097784,0.2665023516003816,1191
CDDP,50,3,p53,HepG2 P53-GFP,10,18,F02_2,1.611808061113407,0.26250127276066754,1221
CDDP,50,3,p53,HepG2 P53-GFP,11,20,F02_1,1.6475459868914326,0.2640653110749804,1228
CDDP,50,3,p53,HepG2 P53-GFP,11,20,F02_2,1.622613686966546,0.2609886289672797,1236
CDDP,50,3,p53,HepG2 P53-GFP,12,22,F02_1,1.6376468268557274,0.2627498603194881,1259
CDDP,50,3,p53,HepG2 P53-GFP,12,22,F02_2,1.6042688398752758,0.2595557481985154,1262
DMEM,0,1,p53,HepG2 P53-GFP,1,0,B10_1,1.374363151960624,0.22118948251972298,979
DMEM,0,1,p53,HepG2 P53-GFP,1,0,B10_2,1.3545484437636481,0.22098091190252309,1247
DMEM,0,1,p53,HepG2 P53-GFP,2,2,B10_1,1.4043549260667127,0.22885356422930453,930
DMEM,0,1,p53,HepG2 P53-GFP,2,2,B10_2,1.4352027868657367,0.23528880439111471,1274
DMEM,0,1,p53,HepG2 P53-GFP,3,4,B10_1,1.4390255900732793,0.23368734346444014,941
DMEM,0,1,p53,HepG2 P53-GFP,3,4,B10_2,1.4317986219021568,0.23752509796571344,1278
DMEM,0,1,p53,HepG2 P53-GFP,4,6,B10_1,1.4097454212854632,0.2306846475810811,950
DMEM,0,1,p53,HepG2 P53-GFP,4,6,B10_2,1.418443794545134,0.2321083319401739,1253
DMEM,0,1,p53,HepG2 P53-GFP,5,8,B10_1,1.417181685255495,0.23369313090429247,946
DMEM,0,1,p53,HepG2 P53-GFP,5,8,B10_2,1.4232445799168216,0.23579646063111473,1278
DMEM,0,1,p53,HepG2 P53-GFP,6,10,B10_1,1.4195579247387666,0.23432013998016935,921
DMEM,0,1,p53,HepG2 P53-GFP,6,10,B10_2,1.4346723927666627,0.23689924779153892,1267
DMEM,0,1,p53,HepG2 P53-GFP,7,12,B10_1,1.4024331049606427,0.23379838009986267,945
DMEM,0,1,p53,HepG2 P53-GFP,7,12,B10_2,1.4114766760406747,0.23503097007306548,1282
DMEM,0,1,p53,HepG2 P53-GFP,8,14,B10_1,1.4006054905274326,0.2359506679367952,964
DMEM,0,1,p53,HepG2 P53-GFP,8,14,B10_2,1.41989907901296,0.23662797924175044,1302
DMEM,0,1,p53,HepG2 P53-GFP,9,16,B10_1,1.4209918757009863,0.23685883084212822,964
DMEM,0,1,p53,HepG2 P53-GFP,9,16,B10_2,1.4313065540845276,0.2389113870035488,1299
DMEM,0,1,p53,HepG2 P53-GFP,10,18,B10_1,1.4068650721379843,0.23481862621594352,956
DMEM,0,1,p53,HepG2 P53-GFP,10,18,B10_2,1.417626289704103,0.23845181497433932,1332
DMEM,0,1,p53,HepG2 P53-GFP,11,20,B10_1,1.4269517379217171,0.2373460881690174,968
DMEM,0,1,p53,HepG2 P53-GFP,11,20,B10_2,1.4130270085742835,0.2392974259914283,1321
DMEM,0,1,p53,HepG2 P53-GFP,12,22,B10_1,1.4107758804655604,0.2363458892212139,989
DMEM,0,1,p53,HepG2 P53-GFP,12,22,B10_2,1.4350487547752855,0.23986045923192342,1340
DMEM,0,2,p53,HepG2 P53-GFP,1,0,D10_1,1.4196406315966,0.22993016363118335,1035
DMEM,0,2,p53,HepG2 P53-GFP,1,0,D10_2,1.3981329744587951,0.22540332698404206,1120
DMEM,0,2,p53,HepG2 P53-GFP,2,2,D10_1,1.4355759099069532,0.23583459848005917,991
DMEM,0,2,p53,HepG2 P53-GFP,2,2,D10_2,1.4507908823095441,0.23768188030330564,1134
DMEM,0,2,p53,HepG2 P53-GFP,3,4,D10_1,1.494859353970824,0.2422063575446617,972
DMEM,0,2,p53,HepG2 P53-GFP,3,4,D10_2,1.4888261537991392,0.24325133458717732,1138
DMEM,0,2,p53,HepG2 P53-GFP,4,6,D10_1,1.4579846212196494,0.2385520374568042,996
DMEM,0,2,p53,HepG2 P53-GFP,4,6,D10_2,1.4347836130043021,0.23531203121923389,1146
DMEM,0,2,p53,HepG2 P53-GFP,5,8,D10_1,1.4711187397882324,0.24059352159600844,1003
DMEM,0,2,p53,HepG2 P53-GFP,5,8,D10_2,1.4385622328514123,0.23971067598415902,1176
DMEM,0,2,p53,HepG2 P53-GFP,6,10,D10_1,1.4737847451369421,0.24191159923744585,997
DMEM,0,2,p53,HepG2 P53-GFP,6,10,D10_2,1.4349225269226764,0.23953327708719058,1158
DMEM,0,2,p53,HepG2 P53-GFP,7,12,D10_1,1.475817956000002,0.24223359666483224,1014
DMEM,0,2,p53,HepG2 P53-GFP,7,12,D10_2,1.4240672262555516,0.23989080439745367,1163
DMEM,0,2,p53,HepG2 P53-GFP,8,14,D10_1,1.4675369155624811,0.24369837377400133,1015
DMEM,0,2,p53,HepG2 P53-GFP,8,14,D10_2,1.4237056032316082,0.23953254928441373,1187
DMEM,0,2,p53,HepG2 P53-GFP,9,16,D10_1,1.4687928624183546,0.24503958093539052,1022
DMEM,0,2,p53,HepG2 P53-GFP,9,16,D10_2,1.4486602994524163,0.2429128125698113,1141
DMEM,0,2,p53,HepG2 P53-GFP,10,18,D10_1,1.458593534358911,0.24453750035611252,1029
DMEM,0,2,p53,HepG2 P53-GFP,10,18,D10_2,1.479294655496105,0.24494259775891766,1163
DMEM,0,2,p53,HepG2 P53-GFP,11,20,D10_1,1.4488162616001785,0.2435224806780435,1029
DMEM,0,2,p53,HepG2 P53-GFP,11,20,D10_2,1.455178472355829,0.245394241441037,1190
DMEM,0,2,p53,HepG2 P53-GFP,12,22,D10_1,1.4516113529522436,0.24212216058177277,1068
DMEM,0,2,p53,HepG2 P53-GFP,12,22,D10_2,1.4588037013514081,0.2452978031264345,1205
DMEM,0,3,p53,HepG2 P53-GFP,1,0,F10_1,1.375723897141997,0.2190651979738382,842
DMEM,0,3,p53,HepG2 P53-GFP,1,0,F10_2,1.391162433617002,0.22370288621514722,915
DMEM,0,3,p53,HepG2 P53-GFP,2,2,F10_1,1.434823114941765,0.23212529109314234,793
DMEM,0,3,p53,HepG2 P53-GFP,2,2,F10_2,1.4795629136315385,0.23872606163055607,859
DMEM,0,3,p53,HepG2 P53-GFP,3,4,F10_1,1.4869470278708472,0.23851842250205157,778
DMEM,0,3,p53,HepG2 P53-GFP,3,4,F10_2,1.4978296286329749,0.24450090723028547,878
DMEM,0,3,p53,HepG2 P53-GFP,4,6,F10_1,1.4255475824222585,0.23478265537220164,822
DMEM,0,3,p53,HepG2 P53-GFP,4,6,F10_2,1.4563725388714335,0.2402458042405323,885
DMEM,0,3,p53,HepG2 P53-GFP,5,8,F10_1,1.4329209756388182,0.2369486747824462,790
DMEM,0,3,p53,HepG2 P53-GFP,5,8,F10_2,1.4675996716629571,0.241825405528063,884
DMEM,0,3,p53,HepG2 P53-GFP,6,10,F10_1,1.4365286118240748,0.23932879416580843,791
DMEM,0,3,p53,HepG2 P53-GFP,6,10,F10_2,1.4599207672005212,0.24250682762717363,896
DMEM,0,3,p53,HepG2 P53-GFP,7,12,F10_1,1.4120303880019576,0.23879204855726527,824
DMEM,0,3,p53,HepG2 P53-GFP,7,12,F10_2,1.4663453329901408,0.24168984834058047,887
DMEM,0,3,p53,HepG2 P53-GFP,8,14,F10_1,1.4462958383179003,0.2417967076684377,808
DMEM,0,3,p53,HepG2 P53-GFP,8,14,F10_2,1.4494324954624704,0.24247880446179565,924
DMEM,0,3,p53,HepG2 P53-GFP,9,16,F10_1,1.4563779440750941,0.24302207127784647,807
DMEM,0,3,p53,HepG2 P53-GFP,9,16,F10_2,1.4454110987098474,0.24351663078467,943
DMEM,0,3,p53,HepG2 P53-GFP,10,18,F10_1,1.4441442310889885,0.241732341609574,861
DMEM,0,3,p53,HepG2 P53-GFP,10,18,F10_2,1.430730238173023,0.24171928756024758,942
DMEM,0,3,p53,HepG2 P53-GFP,11,20,F10_1,1.437722274192681,0.24135377912657408,872
DMEM,0,3,p53,HepG2 P53-GFP,11,20,F10_2,1.4161570473196663,0.24299475562650671,969
DMEM,0,3,p53,HepG2 P53-GFP,12,22,F10_1,1.4399983179668616,0.24052956352797925,859
DMEM,0,3,p53,HepG2 P53-GFP,12,22,F10_2,1.413829554679686,0.24051028467763613,991
